<?xml version="1.0" encoding="UTF-8"?>
<CEBDBlock xmlns:xsi="http://www.w3.org/2001/XMLSchema-instance" xsi:noNamespaceSchemaLocation="CEBDBlock.xsd">
    <EMS>
        <CPID>
            <NVR>DE</NVR>
            <VKM>DB</VKM>
            <EVN>918054061842</EVN>
            <EMSID>1</EMSID>
        </CPID>
        <TRP>PT5M</TRP>
        <XMLVersion>1.0</XMLVersion>
    </EMS>
    <MeasurementInterval>
        <Start>2001-12-17T09:25:00Z</Start>
        <End>2001-12-17T09:40:00Z</End>
    </MeasurementInterval>
    <CEBD>
        <CEBDID>462</CEBDID>
        <TimeStamp>2001-12-17T09:30:00Z</TimeStamp>
        <TimeStampQuality>127</TimeStampQuality>
        <Channel>
            <ChannelID>1</ChannelID>
            <TractionSystem>03</TractionSystem>
            <Energy>
                <Active>
                    <Consumed>2.0</Consumed>
                    <Regenerated>3.0</Regenerated>
                </Active>
                <Quality>127</Quality>
            </Energy>
        </Channel>
        <Channel>
            <ChannelID>2</ChannelID>
            <TractionSystem>01</TractionSystem>
            <Energy>
                <Active>
                    <Consumed>0.0</Consumed>
                    <Regenerated>0.0</Regenerated>
                </Active>
                <Reactive>
                    <Consumed>0.0</Consumed>
                    <Regenerated>0.0</Regenerated>
                </Reactive>
                <Quality>127</Quality>
            </Energy>
        </Channel>
        <Location>
            <Latitude>1.00000</Latitude>
            <Longitude>2.00000</Longitude>
            <Quality>127</Quality>
        </Location>
    </CEBD>
    <CEBD>
        <CEBDID>463</CEBDID>
        <TimeStamp>2001-12-17T09:35:00Z</TimeStamp>
        <TimeStampQuality>127</TimeStampQuality>
        <Channel>
            <ChannelID>1</ChannelID>
            <TractionSystem>03</TractionSystem>
            <Energy>
                <Active>
                    <Consumed>1.0</Consumed>
                    <Regenerated>2.0</Regenerated>
                </Active>
                <Quality>127</Quality>
            </Energy>
        </Channel>
        <Channel>
            <ChannelID>2</ChannelID>
            <TractionSystem>01</TractionSystem>
            <Energy>
                <Active>
                    <Consumed>1.0</Consumed>
                    <Regenerated>2.0</Regenerated>
                </Active>
                <Reactive>
                    <Consumed>0.3</Consumed>
                    <Regenerated>0.1</Regenerated>
                </Reactive>
                <Quality>127</Quality>
            </Energy>
        </Channel>
        <Location>
            <Latitude>1.10000</Latitude>
            <Longitude>2.10000</Longitude>
            <Quality>127</Quality>
        </Location>
    </CEBD>
    <CEBD>
        <CEBDID>464</CEBDID>
        <TimeStamp>2001-12-17T09:40:00Z</TimeStamp>
        <TimeStampQuality>127</TimeStampQuality>
        <Channel>
            <ChannelID>1</ChannelID>
            <TractionSystem>03</TractionSystem>
            <Energy>
                <Active>
                    <Consumed>0.0</Consumed>
                    <Regenerated>0.0</Regenerated>
                </Active>
                <Quality>127</Quality>
            </Energy>
        </Channel>
        <Channel>
            <ChannelID>2</ChannelID>
            <TractionSystem>01</TractionSystem>
            <Energy>
                <Active>
                    <Consumed>3.0</Consumed>
                    <Regenerated>5.0</Regenerated>
                </Active>
                <Reactive>
                    <Consumed>0.4</Consumed>
                    <Regenerated>0.2</Regenerated>
                </Reactive>
                <Quality>127</Quality>
            </Energy>
        </Channel>
        <Location>
            <Latitude>1.20000</Latitude>
            <Longitude>2.20000</Longitude>
            <Quality>127</Quality>
        </Location>
    </CEBD>
    <!--More CEBDs-->
    <Signature xmlns:ds="http://www.w3.org/2000/09/xmldsig#">
        <ds:SignedInfo>
            <ds:CanonicalizationMethod Algorithm="http://www.w3.org/TR/2001/REC-xml-c14n-20010315"/>
            <ds:SignatureMethod Algorithm="http://www.w3.org/2001/04/xmldsig-more#rsa-sha256"/>
            <ds:Reference URI="">
                <ds:Transforms>
                    <ds:Transform Algorithm="http://www.w3.org/2000/09/xmldsig#envelopedsignature"/>
                </ds:Transforms>
                <ds:DigestMethod Algorithm="http://www.w3.org/2001/04/xmlenc#sha256"/>
                <ds:DigestValue>DIGESTVALUE6qs3sBP4=</ds:DigestValue>
            </ds:Reference>
        </ds:SignedInfo>
        <ds:SignatureValue>SIGNATUREVALUEF1K9A=</ds:SignatureValue>
        <ds:KeyInfo>
            <ds:KeyValue>
                <ds:RSAKeyValue>
                    <ds:Modulus>PUBLICKEYMODULUSUNEjd3hKQak=</ds:Modulus>
                    <ds:Exponent>AQAB</ds:Exponent>
                </ds:RSAKeyValue>
            </ds:KeyValue>
        </ds:KeyInfo>
    </Signature>
</CEBDBlock>